date,location,team,opponent,team_score,opp_score,postponed,canceled,logo_url,game_id
2023-12-29,V,Eastern Ill.,SIUE,58,67,FALSE,FALSE,https://upload.wikimedia.org/wikipedia/commons/thumb/5/51/SIUE_Cougars_logo.svg/400px-SIUE_Cougars_logo.svg.png,1
2024-01-04,V,Eastern Ill.,UT Martin,79,72,FALSE,FALSE,https://upload.wikimedia.org/wikipedia/en/thumb/2/2c/UT_Martin_Skyhawks_logo.svg/299px-UT_Martin_Skyhawks_logo.svg.png,2
2024-01-06,V,Eastern Ill.,Little Rock,90,88,FALSE,FALSE,https://upload.wikimedia.org/wikipedia/en/thumb/d/d0/Little_Rock_Trojans_logo.svg/320px-Little_Rock_Trojans_logo.svg.png,3
2024-01-11,H,Eastern Ill.,Morehead St.,52,78,FALSE,FALSE,https://upload.wikimedia.org/wikipedia/en/thumb/1/12/Morehead_State_Eagles_logo.svg/243px-Morehead_State_Eagles_logo.svg.png,4
2024-01-13,H,Eastern Ill.,Western Ill.,60,63,FALSE,FALSE,https://upload.wikimedia.org/wikipedia/en/thumb/1/16/Western_Illinois_Leathernecks_logo.svg/249px-Western_Illinois_Leathernecks_logo.svg.png,5
2024-01-20,V,Eastern Ill.,Lindenwood,78,68,FALSE,FALSE,https://upload.wikimedia.org/wikipedia/commons/thumb/8/8f/Lindenwood_Athletics_wordmark.svg/250px-Lindenwood_Athletics_wordmark.svg.png,6
2024-01-25,H,Eastern Ill.,Tennessee Tech,68,59,FALSE,FALSE,https://upload.wikimedia.org/wikipedia/en/thumb/f/f8/Tennessee_Tech_Golden_Eagles_logo.svg/315px-Tennessee_Tech_Golden_Eagles_logo.svg.png,7
2024-01-27,H,Eastern Ill.,Tennessee St.,60,64,FALSE,FALSE,https://upload.wikimedia.org/wikipedia/commons/thumb/c/c1/Tennessee_State_Tigers_wordmark.svg/200px-Tennessee_State_Tigers_wordmark.svg.png,8
2024-02-01,H,Eastern Ill.,UT Martin,59,76,FALSE,FALSE,https://upload.wikimedia.org/wikipedia/en/thumb/2/2c/UT_Martin_Skyhawks_logo.svg/299px-UT_Martin_Skyhawks_logo.svg.png,9
2024-02-03,H,Eastern Ill.,Little Rock,47,71,FALSE,FALSE,https://upload.wikimedia.org/wikipedia/en/thumb/d/d0/Little_Rock_Trojans_logo.svg/320px-Little_Rock_Trojans_logo.svg.png,10
2024-02-08,V,Eastern Ill.,Southern Ind.,NA,NA,FALSE,FALSE,https://sports.cbsimg.net/fly/images/ncaa/logos/team/light/161012.svg,11
2024-02-10,V,Eastern Ill.,Morehead St.,NA,NA,FALSE,FALSE,https://upload.wikimedia.org/wikipedia/en/thumb/1/12/Morehead_State_Eagles_logo.svg/243px-Morehead_State_Eagles_logo.svg.png,12
2024-02-15,H,Eastern Ill.,Southeast Mo. St.,NA,NA,FALSE,FALSE,https://upload.wikimedia.org/wikipedia/commons/3/38/SEMO_Red_Wordmark.png,13
2024-02-17,H,Eastern Ill.,Lindenwood,NA,NA,FALSE,FALSE,https://upload.wikimedia.org/wikipedia/commons/thumb/8/8f/Lindenwood_Athletics_wordmark.svg/250px-Lindenwood_Athletics_wordmark.svg.png,14
2024-02-22,V,Eastern Ill.,Tennessee St.,NA,NA,FALSE,FALSE,https://upload.wikimedia.org/wikipedia/commons/thumb/c/c1/Tennessee_State_Tigers_wordmark.svg/200px-Tennessee_State_Tigers_wordmark.svg.png,15
2024-02-24,V,Eastern Ill.,Tennessee Tech,NA,NA,FALSE,FALSE,https://upload.wikimedia.org/wikipedia/en/thumb/f/f8/Tennessee_Tech_Golden_Eagles_logo.svg/315px-Tennessee_Tech_Golden_Eagles_logo.svg.png,16
2024-02-27,H,Eastern Ill.,SIUE,NA,NA,FALSE,FALSE,https://upload.wikimedia.org/wikipedia/commons/thumb/5/51/SIUE_Cougars_logo.svg/400px-SIUE_Cougars_logo.svg.png,17
2024-02-29,V,Eastern Ill.,Western Ill.,NA,NA,FALSE,FALSE,https://upload.wikimedia.org/wikipedia/en/thumb/1/16/Western_Illinois_Leathernecks_logo.svg/249px-Western_Illinois_Leathernecks_logo.svg.png,18
2023-12-31,H,Lindenwood,Southern Ind.,62,73,FALSE,FALSE,https://sports.cbsimg.net/fly/images/ncaa/logos/team/light/161012.svg,1
2024-01-06,V,Lindenwood,Western Ill.,57,68,FALSE,FALSE,https://upload.wikimedia.org/wikipedia/en/thumb/1/16/Western_Illinois_Leathernecks_logo.svg/249px-Western_Illinois_Leathernecks_logo.svg.png,2
2024-01-11,V,Lindenwood,Southeast Mo. St.,74,68,FALSE,FALSE,https://upload.wikimedia.org/wikipedia/commons/3/38/SEMO_Red_Wordmark.png,3
2024-01-13,V,Lindenwood,Tennessee St.,60,75,FALSE,FALSE,https://upload.wikimedia.org/wikipedia/commons/thumb/c/c1/Tennessee_State_Tigers_wordmark.svg/200px-Tennessee_State_Tigers_wordmark.svg.png,4
2024-01-18,H,Lindenwood,SIUE,59,78,FALSE,FALSE,https://upload.wikimedia.org/wikipedia/commons/thumb/5/51/SIUE_Cougars_logo.svg/400px-SIUE_Cougars_logo.svg.png,5
2024-01-20,H,Lindenwood,Eastern Ill.,68,78,FALSE,FALSE,https://upload.wikimedia.org/wikipedia/en/thumb/8/86/Eastern_Illinois_Panthers_logo.svg/280px-Eastern_Illinois_Panthers_logo.svg.png,6
2024-01-25,V,Lindenwood,Little Rock,66,80,FALSE,FALSE,https://upload.wikimedia.org/wikipedia/en/thumb/d/d0/Little_Rock_Trojans_logo.svg/320px-Little_Rock_Trojans_logo.svg.png,7
2024-01-27,V,Lindenwood,UT Martin,67,76,FALSE,FALSE,https://upload.wikimedia.org/wikipedia/en/thumb/2/2c/UT_Martin_Skyhawks_logo.svg/299px-UT_Martin_Skyhawks_logo.svg.png,8
2024-01-30,H,Lindenwood,Southeast Mo. St.,58,54,FALSE,FALSE,https://upload.wikimedia.org/wikipedia/commons/3/38/SEMO_Red_Wordmark.png,9
2024-02-01,H,Lindenwood,Western Ill.,71,79,FALSE,FALSE,https://upload.wikimedia.org/wikipedia/en/thumb/1/16/Western_Illinois_Leathernecks_logo.svg/249px-Western_Illinois_Leathernecks_logo.svg.png,10
2024-02-08,H,Lindenwood,Tennessee St.,NA,NA,FALSE,FALSE,https://upload.wikimedia.org/wikipedia/commons/thumb/c/c1/Tennessee_State_Tigers_wordmark.svg/200px-Tennessee_State_Tigers_wordmark.svg.png,11
2024-02-10,H,Lindenwood,Tennessee Tech,NA,NA,FALSE,FALSE,https://upload.wikimedia.org/wikipedia/en/thumb/f/f8/Tennessee_Tech_Golden_Eagles_logo.svg/315px-Tennessee_Tech_Golden_Eagles_logo.svg.png,12
2024-02-15,V,Lindenwood,SIUE,NA,NA,FALSE,FALSE,https://upload.wikimedia.org/wikipedia/commons/thumb/5/51/SIUE_Cougars_logo.svg/400px-SIUE_Cougars_logo.svg.png,13
2024-02-17,V,Lindenwood,Eastern Ill.,NA,NA,FALSE,FALSE,https://upload.wikimedia.org/wikipedia/en/thumb/8/86/Eastern_Illinois_Panthers_logo.svg/280px-Eastern_Illinois_Panthers_logo.svg.png,14
2024-02-22,H,Lindenwood,UT Martin,NA,NA,FALSE,FALSE,https://upload.wikimedia.org/wikipedia/en/thumb/2/2c/UT_Martin_Skyhawks_logo.svg/299px-UT_Martin_Skyhawks_logo.svg.png,15
2024-02-24,H,Lindenwood,Little Rock,NA,NA,FALSE,FALSE,https://upload.wikimedia.org/wikipedia/en/thumb/d/d0/Little_Rock_Trojans_logo.svg/320px-Little_Rock_Trojans_logo.svg.png,16
2024-02-29,V,Lindenwood,Southern Ind.,NA,NA,FALSE,FALSE,https://sports.cbsimg.net/fly/images/ncaa/logos/team/light/161012.svg,17
2024-03-02,V,Lindenwood,Morehead St.,NA,NA,FALSE,FALSE,https://upload.wikimedia.org/wikipedia/en/thumb/1/12/Morehead_State_Eagles_logo.svg/243px-Morehead_State_Eagles_logo.svg.png,18
2023-12-28,V,Little Rock,Tennessee Tech,81,75,FALSE,FALSE,https://upload.wikimedia.org/wikipedia/en/thumb/f/f8/Tennessee_Tech_Golden_Eagles_logo.svg/315px-Tennessee_Tech_Golden_Eagles_logo.svg.png,1
2023-12-30,V,Little Rock,Tennessee St.,82,90,FALSE,FALSE,https://upload.wikimedia.org/wikipedia/commons/thumb/c/c1/Tennessee_State_Tigers_wordmark.svg/200px-Tennessee_State_Tigers_wordmark.svg.png,2
2024-01-04,H,Little Rock,SIUE,88,80,FALSE,FALSE,https://upload.wikimedia.org/wikipedia/commons/thumb/5/51/SIUE_Cougars_logo.svg/400px-SIUE_Cougars_logo.svg.png,3
2024-01-06,H,Little Rock,Eastern Ill.,88,90,FALSE,FALSE,https://upload.wikimedia.org/wikipedia/en/thumb/8/86/Eastern_Illinois_Panthers_logo.svg/280px-Eastern_Illinois_Panthers_logo.svg.png,4
2024-01-13,V,Little Rock,UT Martin,72,77,FALSE,FALSE,https://upload.wikimedia.org/wikipedia/en/thumb/2/2c/UT_Martin_Skyhawks_logo.svg/299px-UT_Martin_Skyhawks_logo.svg.png,5
2024-01-18,V,Little Rock,Southern Ind.,77,75,FALSE,FALSE,https://sports.cbsimg.net/fly/images/ncaa/logos/team/light/161012.svg,6
2024-01-25,H,Little Rock,Lindenwood,80,66,FALSE,FALSE,https://upload.wikimedia.org/wikipedia/commons/thumb/8/8f/Lindenwood_Athletics_wordmark.svg/250px-Lindenwood_Athletics_wordmark.svg.png,7
2024-01-27,H,Little Rock,Southeast Mo. St.,66,61,FALSE,FALSE,https://upload.wikimedia.org/wikipedia/commons/3/38/SEMO_Red_Wordmark.png,8
2024-02-01,V,Little Rock,SIUE,66,68,FALSE,FALSE,https://upload.wikimedia.org/wikipedia/commons/thumb/5/51/SIUE_Cougars_logo.svg/400px-SIUE_Cougars_logo.svg.png,9
2024-02-03,V,Little Rock,Eastern Ill.,71,47,FALSE,FALSE,https://upload.wikimedia.org/wikipedia/en/thumb/8/86/Eastern_Illinois_Panthers_logo.svg/280px-Eastern_Illinois_Panthers_logo.svg.png,10
2024-02-06,H,Little Rock,UT Martin,NA,NA,FALSE,FALSE,https://upload.wikimedia.org/wikipedia/en/thumb/2/2c/UT_Martin_Skyhawks_logo.svg/299px-UT_Martin_Skyhawks_logo.svg.png,11
2024-02-08,V,Little Rock,Western Ill.,NA,NA,FALSE,FALSE,https://upload.wikimedia.org/wikipedia/en/thumb/1/16/Western_Illinois_Leathernecks_logo.svg/249px-Western_Illinois_Leathernecks_logo.svg.png,12
2024-02-15,H,Little Rock,Morehead St.,NA,NA,FALSE,FALSE,https://upload.wikimedia.org/wikipedia/en/thumb/1/12/Morehead_State_Eagles_logo.svg/243px-Morehead_State_Eagles_logo.svg.png,13
2024-02-17,H,Little Rock,Southern Ind.,NA,NA,FALSE,FALSE,https://sports.cbsimg.net/fly/images/ncaa/logos/team/light/161012.svg,14
2024-02-22,V,Little Rock,Southeast Mo. St.,NA,NA,FALSE,FALSE,https://upload.wikimedia.org/wikipedia/commons/3/38/SEMO_Red_Wordmark.png,15
2024-02-24,V,Little Rock,Lindenwood,NA,NA,FALSE,FALSE,https://upload.wikimedia.org/wikipedia/commons/thumb/8/8f/Lindenwood_Athletics_wordmark.svg/250px-Lindenwood_Athletics_wordmark.svg.png,16
2024-02-29,H,Little Rock,Tennessee St.,NA,NA,FALSE,FALSE,https://upload.wikimedia.org/wikipedia/commons/thumb/c/c1/Tennessee_State_Tigers_wordmark.svg/200px-Tennessee_State_Tigers_wordmark.svg.png,17
2024-03-02,H,Little Rock,Tennessee Tech,NA,NA,FALSE,FALSE,https://upload.wikimedia.org/wikipedia/en/thumb/f/f8/Tennessee_Tech_Golden_Eagles_logo.svg/315px-Tennessee_Tech_Golden_Eagles_logo.svg.png,18
2023-12-31,V,Morehead St.,Southeast Mo. St.,83,64,FALSE,FALSE,https://upload.wikimedia.org/wikipedia/commons/3/38/SEMO_Red_Wordmark.png,1
2024-01-04,H,Morehead St.,Tennessee Tech,82,57,FALSE,FALSE,https://upload.wikimedia.org/wikipedia/en/thumb/f/f8/Tennessee_Tech_Golden_Eagles_logo.svg/315px-Tennessee_Tech_Golden_Eagles_logo.svg.png,2
2024-01-06,H,Morehead St.,Tennessee St.,78,68,FALSE,FALSE,https://upload.wikimedia.org/wikipedia/commons/thumb/c/c1/Tennessee_State_Tigers_wordmark.svg/200px-Tennessee_State_Tigers_wordmark.svg.png,3
2024-01-11,V,Morehead St.,Eastern Ill.,78,52,FALSE,FALSE,https://upload.wikimedia.org/wikipedia/en/thumb/8/86/Eastern_Illinois_Panthers_logo.svg/280px-Eastern_Illinois_Panthers_logo.svg.png,4
2024-01-13,V,Morehead St.,SIUE,48,61,FALSE,FALSE,https://upload.wikimedia.org/wikipedia/commons/thumb/5/51/SIUE_Cougars_logo.svg/400px-SIUE_Cougars_logo.svg.png,5
2024-01-18,H,Morehead St.,UT Martin,84,66,FALSE,FALSE,https://upload.wikimedia.org/wikipedia/en/thumb/2/2c/UT_Martin_Skyhawks_logo.svg/299px-UT_Martin_Skyhawks_logo.svg.png,6
2024-01-20,V,Morehead St.,Southern Ind.,81,70,FALSE,FALSE,https://sports.cbsimg.net/fly/images/ncaa/logos/team/light/161012.svg,7
2024-01-27,H,Morehead St.,Western Ill.,64,50,FALSE,FALSE,https://upload.wikimedia.org/wikipedia/en/thumb/1/16/Western_Illinois_Leathernecks_logo.svg/249px-Western_Illinois_Leathernecks_logo.svg.png,8
2024-02-01,V,Morehead St.,Tennessee St.,68,49,FALSE,FALSE,https://upload.wikimedia.org/wikipedia/commons/thumb/c/c1/Tennessee_State_Tigers_wordmark.svg/200px-Tennessee_State_Tigers_wordmark.svg.png,9
2024-02-03,V,Morehead St.,Tennessee Tech,67,60,FALSE,FALSE,https://upload.wikimedia.org/wikipedia/en/thumb/f/f8/Tennessee_Tech_Golden_Eagles_logo.svg/315px-Tennessee_Tech_Golden_Eagles_logo.svg.png,10
2024-02-08,H,Morehead St.,SIUE,NA,NA,FALSE,FALSE,https://upload.wikimedia.org/wikipedia/commons/thumb/5/51/SIUE_Cougars_logo.svg/400px-SIUE_Cougars_logo.svg.png,11
2024-02-10,H,Morehead St.,Eastern Ill.,NA,NA,FALSE,FALSE,https://upload.wikimedia.org/wikipedia/en/thumb/8/86/Eastern_Illinois_Panthers_logo.svg/280px-Eastern_Illinois_Panthers_logo.svg.png,12
2024-02-15,V,Morehead St.,Little Rock,NA,NA,FALSE,FALSE,https://upload.wikimedia.org/wikipedia/en/thumb/d/d0/Little_Rock_Trojans_logo.svg/320px-Little_Rock_Trojans_logo.svg.png,13
2024-02-17,V,Morehead St.,UT Martin,NA,NA,FALSE,FALSE,https://upload.wikimedia.org/wikipedia/en/thumb/2/2c/UT_Martin_Skyhawks_logo.svg/299px-UT_Martin_Skyhawks_logo.svg.png,14
2024-02-20,H,Morehead St.,Southern Ind.,NA,NA,FALSE,FALSE,https://sports.cbsimg.net/fly/images/ncaa/logos/team/light/161012.svg,15
2024-02-22,V,Morehead St.,Western Ill.,NA,NA,FALSE,FALSE,https://upload.wikimedia.org/wikipedia/en/thumb/1/16/Western_Illinois_Leathernecks_logo.svg/249px-Western_Illinois_Leathernecks_logo.svg.png,16
2024-02-29,H,Morehead St.,Southeast Mo. St.,NA,NA,FALSE,FALSE,https://upload.wikimedia.org/wikipedia/commons/3/38/SEMO_Red_Wordmark.png,17
2024-03-02,H,Morehead St.,Lindenwood,NA,NA,FALSE,FALSE,https://upload.wikimedia.org/wikipedia/commons/thumb/8/8f/Lindenwood_Athletics_wordmark.svg/250px-Lindenwood_Athletics_wordmark.svg.png,18
2023-12-29,H,SIUE,Eastern Ill.,67,58,FALSE,FALSE,https://upload.wikimedia.org/wikipedia/en/thumb/8/86/Eastern_Illinois_Panthers_logo.svg/280px-Eastern_Illinois_Panthers_logo.svg.png,1
2023-12-31,H,SIUE,Western Ill.,70,78,FALSE,FALSE,https://upload.wikimedia.org/wikipedia/en/thumb/1/16/Western_Illinois_Leathernecks_logo.svg/249px-Western_Illinois_Leathernecks_logo.svg.png,2
2024-01-04,V,SIUE,Little Rock,80,88,FALSE,FALSE,https://upload.wikimedia.org/wikipedia/en/thumb/d/d0/Little_Rock_Trojans_logo.svg/320px-Little_Rock_Trojans_logo.svg.png,3
2024-01-11,H,SIUE,Southern Ind.,67,64,FALSE,FALSE,https://sports.cbsimg.net/fly/images/ncaa/logos/team/light/161012.svg,4
2024-01-13,H,SIUE,Morehead St.,61,48,FALSE,FALSE,https://upload.wikimedia.org/wikipedia/en/thumb/1/12/Morehead_State_Eagles_logo.svg/243px-Morehead_State_Eagles_logo.svg.png,5
2024-01-18,V,SIUE,Lindenwood,78,59,FALSE,FALSE,https://upload.wikimedia.org/wikipedia/commons/thumb/8/8f/Lindenwood_Athletics_wordmark.svg/250px-Lindenwood_Athletics_wordmark.svg.png,6
2024-01-20,V,SIUE,Southeast Mo. St.,47,52,FALSE,FALSE,https://upload.wikimedia.org/wikipedia/commons/3/38/SEMO_Red_Wordmark.png,7
2024-01-27,H,SIUE,Tennessee Tech,74,57,FALSE,FALSE,https://upload.wikimedia.org/wikipedia/en/thumb/f/f8/Tennessee_Tech_Golden_Eagles_logo.svg/315px-Tennessee_Tech_Golden_Eagles_logo.svg.png,8
2024-02-01,H,SIUE,Little Rock,68,66,FALSE,FALSE,https://upload.wikimedia.org/wikipedia/en/thumb/d/d0/Little_Rock_Trojans_logo.svg/320px-Little_Rock_Trojans_logo.svg.png,9
2024-02-03,H,SIUE,UT Martin,79,90,FALSE,FALSE,https://upload.wikimedia.org/wikipedia/en/thumb/2/2c/UT_Martin_Skyhawks_logo.svg/299px-UT_Martin_Skyhawks_logo.svg.png,10
2024-02-08,V,SIUE,Morehead St.,NA,NA,FALSE,FALSE,https://upload.wikimedia.org/wikipedia/en/thumb/1/12/Morehead_State_Eagles_logo.svg/243px-Morehead_State_Eagles_logo.svg.png,11
2024-02-10,V,SIUE,Southern Ind.,NA,NA,FALSE,FALSE,https://sports.cbsimg.net/fly/images/ncaa/logos/team/light/161012.svg,12
2024-02-15,H,SIUE,Lindenwood,NA,NA,FALSE,FALSE,https://upload.wikimedia.org/wikipedia/commons/thumb/8/8f/Lindenwood_Athletics_wordmark.svg/250px-Lindenwood_Athletics_wordmark.svg.png,13
2024-02-17,H,SIUE,Southeast Mo. St.,NA,NA,FALSE,FALSE,https://upload.wikimedia.org/wikipedia/commons/3/38/SEMO_Red_Wordmark.png,14
2024-02-22,V,SIUE,Tennessee Tech,NA,NA,FALSE,FALSE,https://upload.wikimedia.org/wikipedia/en/thumb/f/f8/Tennessee_Tech_Golden_Eagles_logo.svg/315px-Tennessee_Tech_Golden_Eagles_logo.svg.png,15
2024-02-24,V,SIUE,Tennessee St.,NA,NA,FALSE,FALSE,https://upload.wikimedia.org/wikipedia/commons/thumb/c/c1/Tennessee_State_Tigers_wordmark.svg/200px-Tennessee_State_Tigers_wordmark.svg.png,16
2024-02-27,V,SIUE,Eastern Ill.,NA,NA,FALSE,FALSE,https://upload.wikimedia.org/wikipedia/en/thumb/8/86/Eastern_Illinois_Panthers_logo.svg/280px-Eastern_Illinois_Panthers_logo.svg.png,17
2024-03-02,V,SIUE,Western Ill.,NA,NA,FALSE,FALSE,https://upload.wikimedia.org/wikipedia/en/thumb/1/16/Western_Illinois_Leathernecks_logo.svg/249px-Western_Illinois_Leathernecks_logo.svg.png,18
2023-12-29,H,Southeast Mo. St.,Southern Ind.,93,91,FALSE,FALSE,https://sports.cbsimg.net/fly/images/ncaa/logos/team/light/161012.svg,1
2023-12-31,H,Southeast Mo. St.,Morehead St.,64,83,FALSE,FALSE,https://upload.wikimedia.org/wikipedia/en/thumb/1/12/Morehead_State_Eagles_logo.svg/243px-Morehead_State_Eagles_logo.svg.png,2
2024-01-04,V,Southeast Mo. St.,Western Ill.,61,68,FALSE,FALSE,https://upload.wikimedia.org/wikipedia/en/thumb/1/16/Western_Illinois_Leathernecks_logo.svg/249px-Western_Illinois_Leathernecks_logo.svg.png,3
2024-01-11,H,Southeast Mo. St.,Lindenwood,68,74,FALSE,FALSE,https://upload.wikimedia.org/wikipedia/commons/thumb/8/8f/Lindenwood_Athletics_wordmark.svg/250px-Lindenwood_Athletics_wordmark.svg.png,4
2024-01-13,V,Southeast Mo. St.,Tennessee Tech,59,70,FALSE,FALSE,https://upload.wikimedia.org/wikipedia/en/thumb/f/f8/Tennessee_Tech_Golden_Eagles_logo.svg/315px-Tennessee_Tech_Golden_Eagles_logo.svg.png,5
2024-01-20,H,Southeast Mo. St.,SIUE,52,47,FALSE,FALSE,https://upload.wikimedia.org/wikipedia/commons/thumb/5/51/SIUE_Cougars_logo.svg/400px-SIUE_Cougars_logo.svg.png,6
2024-01-25,V,Southeast Mo. St.,UT Martin,58,84,FALSE,FALSE,https://upload.wikimedia.org/wikipedia/en/thumb/2/2c/UT_Martin_Skyhawks_logo.svg/299px-UT_Martin_Skyhawks_logo.svg.png,7
2024-01-27,V,Southeast Mo. St.,Little Rock,61,66,FALSE,FALSE,https://upload.wikimedia.org/wikipedia/en/thumb/d/d0/Little_Rock_Trojans_logo.svg/320px-Little_Rock_Trojans_logo.svg.png,8
2024-01-30,V,Southeast Mo. St.,Lindenwood,54,58,FALSE,FALSE,https://upload.wikimedia.org/wikipedia/commons/thumb/8/8f/Lindenwood_Athletics_wordmark.svg/250px-Lindenwood_Athletics_wordmark.svg.png,9
2024-02-03,H,Southeast Mo. St.,Western Ill.,55,76,FALSE,FALSE,https://upload.wikimedia.org/wikipedia/en/thumb/1/16/Western_Illinois_Leathernecks_logo.svg/249px-Western_Illinois_Leathernecks_logo.svg.png,10
2024-02-08,H,Southeast Mo. St.,Tennessee Tech,NA,NA,FALSE,FALSE,https://upload.wikimedia.org/wikipedia/en/thumb/f/f8/Tennessee_Tech_Golden_Eagles_logo.svg/315px-Tennessee_Tech_Golden_Eagles_logo.svg.png,11
2024-02-10,H,Southeast Mo. St.,Tennessee St.,NA,NA,FALSE,FALSE,https://upload.wikimedia.org/wikipedia/commons/thumb/c/c1/Tennessee_State_Tigers_wordmark.svg/200px-Tennessee_State_Tigers_wordmark.svg.png,12
2024-02-15,V,Southeast Mo. St.,Eastern Ill.,NA,NA,FALSE,FALSE,https://upload.wikimedia.org/wikipedia/en/thumb/8/86/Eastern_Illinois_Panthers_logo.svg/280px-Eastern_Illinois_Panthers_logo.svg.png,13
2024-02-17,V,Southeast Mo. St.,SIUE,NA,NA,FALSE,FALSE,https://upload.wikimedia.org/wikipedia/commons/thumb/5/51/SIUE_Cougars_logo.svg/400px-SIUE_Cougars_logo.svg.png,14
2024-02-22,H,Southeast Mo. St.,Little Rock,NA,NA,FALSE,FALSE,https://upload.wikimedia.org/wikipedia/en/thumb/d/d0/Little_Rock_Trojans_logo.svg/320px-Little_Rock_Trojans_logo.svg.png,15
2024-02-24,H,Southeast Mo. St.,UT Martin,NA,NA,FALSE,FALSE,https://upload.wikimedia.org/wikipedia/en/thumb/2/2c/UT_Martin_Skyhawks_logo.svg/299px-UT_Martin_Skyhawks_logo.svg.png,16
2024-02-29,V,Southeast Mo. St.,Morehead St.,NA,NA,FALSE,FALSE,https://upload.wikimedia.org/wikipedia/en/thumb/1/12/Morehead_State_Eagles_logo.svg/243px-Morehead_State_Eagles_logo.svg.png,17
2024-03-02,V,Southeast Mo. St.,Southern Ind.,NA,NA,FALSE,FALSE,https://sports.cbsimg.net/fly/images/ncaa/logos/team/light/161012.svg,18
2023-12-29,V,Southern Ind.,Southeast Mo. St.,91,93,FALSE,FALSE,https://upload.wikimedia.org/wikipedia/commons/3/38/SEMO_Red_Wordmark.png,1
2023-12-31,V,Southern Ind.,Lindenwood,73,62,FALSE,FALSE,https://upload.wikimedia.org/wikipedia/commons/thumb/8/8f/Lindenwood_Athletics_wordmark.svg/250px-Lindenwood_Athletics_wordmark.svg.png,2
2024-01-04,H,Southern Ind.,Tennessee St.,69,67,FALSE,FALSE,https://upload.wikimedia.org/wikipedia/commons/thumb/c/c1/Tennessee_State_Tigers_wordmark.svg/200px-Tennessee_State_Tigers_wordmark.svg.png,3
2024-01-06,H,Southern Ind.,Tennessee Tech,59,73,FALSE,FALSE,https://upload.wikimedia.org/wikipedia/en/thumb/f/f8/Tennessee_Tech_Golden_Eagles_logo.svg/315px-Tennessee_Tech_Golden_Eagles_logo.svg.png,4
2024-01-11,V,Southern Ind.,SIUE,64,67,FALSE,FALSE,https://upload.wikimedia.org/wikipedia/commons/thumb/5/51/SIUE_Cougars_logo.svg/400px-SIUE_Cougars_logo.svg.png,5
2024-01-18,H,Southern Ind.,Little Rock,75,77,FALSE,FALSE,https://upload.wikimedia.org/wikipedia/en/thumb/d/d0/Little_Rock_Trojans_logo.svg/320px-Little_Rock_Trojans_logo.svg.png,6
2024-01-20,H,Southern Ind.,Morehead St.,70,81,FALSE,FALSE,https://upload.wikimedia.org/wikipedia/en/thumb/1/12/Morehead_State_Eagles_logo.svg/243px-Morehead_State_Eagles_logo.svg.png,7
2024-01-25,H,Southern Ind.,Western Ill.,68,73,FALSE,FALSE,https://upload.wikimedia.org/wikipedia/en/thumb/1/16/Western_Illinois_Leathernecks_logo.svg/249px-Western_Illinois_Leathernecks_logo.svg.png,8
2024-02-01,V,Southern Ind.,Tennessee Tech,74,71,FALSE,FALSE,https://upload.wikimedia.org/wikipedia/en/thumb/f/f8/Tennessee_Tech_Golden_Eagles_logo.svg/315px-Tennessee_Tech_Golden_Eagles_logo.svg.png,9
2024-02-03,V,Southern Ind.,Tennessee St.,74,79,FALSE,FALSE,https://upload.wikimedia.org/wikipedia/commons/thumb/c/c1/Tennessee_State_Tigers_wordmark.svg/200px-Tennessee_State_Tigers_wordmark.svg.png,10
2024-02-08,H,Southern Ind.,Eastern Ill.,NA,NA,FALSE,FALSE,https://upload.wikimedia.org/wikipedia/en/thumb/8/86/Eastern_Illinois_Panthers_logo.svg/280px-Eastern_Illinois_Panthers_logo.svg.png,11
2024-02-10,H,Southern Ind.,SIUE,NA,NA,FALSE,FALSE,https://upload.wikimedia.org/wikipedia/commons/thumb/5/51/SIUE_Cougars_logo.svg/400px-SIUE_Cougars_logo.svg.png,12
2024-02-15,V,Southern Ind.,UT Martin,NA,NA,FALSE,FALSE,https://upload.wikimedia.org/wikipedia/en/thumb/2/2c/UT_Martin_Skyhawks_logo.svg/299px-UT_Martin_Skyhawks_logo.svg.png,13
2024-02-17,V,Southern Ind.,Little Rock,NA,NA,FALSE,FALSE,https://upload.wikimedia.org/wikipedia/en/thumb/d/d0/Little_Rock_Trojans_logo.svg/320px-Little_Rock_Trojans_logo.svg.png,14
2024-02-20,V,Southern Ind.,Morehead St.,NA,NA,FALSE,FALSE,https://upload.wikimedia.org/wikipedia/en/thumb/1/12/Morehead_State_Eagles_logo.svg/243px-Morehead_State_Eagles_logo.svg.png,15
2024-02-24,V,Southern Ind.,Western Ill.,NA,NA,FALSE,FALSE,https://upload.wikimedia.org/wikipedia/en/thumb/1/16/Western_Illinois_Leathernecks_logo.svg/249px-Western_Illinois_Leathernecks_logo.svg.png,16
2024-02-29,H,Southern Ind.,Lindenwood,NA,NA,FALSE,FALSE,https://upload.wikimedia.org/wikipedia/commons/thumb/8/8f/Lindenwood_Athletics_wordmark.svg/250px-Lindenwood_Athletics_wordmark.svg.png,17
2024-03-02,H,Southern Ind.,Southeast Mo. St.,NA,NA,FALSE,FALSE,https://upload.wikimedia.org/wikipedia/commons/3/38/SEMO_Red_Wordmark.png,18
2023-12-28,H,Tennessee St.,UT Martin,75,91,FALSE,FALSE,https://upload.wikimedia.org/wikipedia/en/thumb/2/2c/UT_Martin_Skyhawks_logo.svg/299px-UT_Martin_Skyhawks_logo.svg.png,1
2023-12-30,H,Tennessee St.,Little Rock,90,82,FALSE,FALSE,https://upload.wikimedia.org/wikipedia/en/thumb/d/d0/Little_Rock_Trojans_logo.svg/320px-Little_Rock_Trojans_logo.svg.png,2
2024-01-04,V,Tennessee St.,Southern Ind.,67,69,FALSE,FALSE,https://sports.cbsimg.net/fly/images/ncaa/logos/team/light/161012.svg,3
2024-01-06,V,Tennessee St.,Morehead St.,68,78,FALSE,FALSE,https://upload.wikimedia.org/wikipedia/en/thumb/1/12/Morehead_State_Eagles_logo.svg/243px-Morehead_State_Eagles_logo.svg.png,4
2024-01-13,H,Tennessee St.,Lindenwood,75,60,FALSE,FALSE,https://upload.wikimedia.org/wikipedia/commons/thumb/8/8f/Lindenwood_Athletics_wordmark.svg/250px-Lindenwood_Athletics_wordmark.svg.png,5
2024-01-18,H,Tennessee St.,Tennessee Tech,85,53,FALSE,FALSE,https://upload.wikimedia.org/wikipedia/en/thumb/f/f8/Tennessee_Tech_Golden_Eagles_logo.svg/315px-Tennessee_Tech_Golden_Eagles_logo.svg.png,6
2024-01-20,V,Tennessee St.,Western Ill.,58,57,FALSE,FALSE,https://upload.wikimedia.org/wikipedia/en/thumb/1/16/Western_Illinois_Leathernecks_logo.svg/249px-Western_Illinois_Leathernecks_logo.svg.png,7
2024-01-27,V,Tennessee St.,Eastern Ill.,64,60,FALSE,FALSE,https://upload.wikimedia.org/wikipedia/en/thumb/8/86/Eastern_Illinois_Panthers_logo.svg/280px-Eastern_Illinois_Panthers_logo.svg.png,8
2024-02-01,H,Tennessee St.,Morehead St.,49,68,FALSE,FALSE,https://upload.wikimedia.org/wikipedia/en/thumb/1/12/Morehead_State_Eagles_logo.svg/243px-Morehead_State_Eagles_logo.svg.png,9
2024-02-03,H,Tennessee St.,Southern Ind.,79,74,FALSE,FALSE,https://sports.cbsimg.net/fly/images/ncaa/logos/team/light/161012.svg,10
2024-02-08,V,Tennessee St.,Lindenwood,NA,NA,FALSE,FALSE,https://upload.wikimedia.org/wikipedia/commons/thumb/8/8f/Lindenwood_Athletics_wordmark.svg/250px-Lindenwood_Athletics_wordmark.svg.png,11
2024-02-10,V,Tennessee St.,Southeast Mo. St.,NA,NA,FALSE,FALSE,https://upload.wikimedia.org/wikipedia/commons/3/38/SEMO_Red_Wordmark.png,12
2024-02-13,V,Tennessee St.,Tennessee Tech,NA,NA,FALSE,FALSE,https://upload.wikimedia.org/wikipedia/en/thumb/f/f8/Tennessee_Tech_Golden_Eagles_logo.svg/315px-Tennessee_Tech_Golden_Eagles_logo.svg.png,13
2024-02-17,H,Tennessee St.,Western Ill.,NA,NA,FALSE,FALSE,https://upload.wikimedia.org/wikipedia/en/thumb/1/16/Western_Illinois_Leathernecks_logo.svg/249px-Western_Illinois_Leathernecks_logo.svg.png,14
2024-02-22,H,Tennessee St.,Eastern Ill.,NA,NA,FALSE,FALSE,https://upload.wikimedia.org/wikipedia/en/thumb/8/86/Eastern_Illinois_Panthers_logo.svg/280px-Eastern_Illinois_Panthers_logo.svg.png,15
2024-02-24,H,Tennessee St.,SIUE,NA,NA,FALSE,FALSE,https://upload.wikimedia.org/wikipedia/commons/thumb/5/51/SIUE_Cougars_logo.svg/400px-SIUE_Cougars_logo.svg.png,16
2024-02-29,V,Tennessee St.,Little Rock,NA,NA,FALSE,FALSE,https://upload.wikimedia.org/wikipedia/en/thumb/d/d0/Little_Rock_Trojans_logo.svg/320px-Little_Rock_Trojans_logo.svg.png,17
2024-03-02,V,Tennessee St.,UT Martin,NA,NA,FALSE,FALSE,https://upload.wikimedia.org/wikipedia/en/thumb/2/2c/UT_Martin_Skyhawks_logo.svg/299px-UT_Martin_Skyhawks_logo.svg.png,18
2023-12-28,H,Tennessee Tech,Little Rock,75,81,FALSE,FALSE,https://upload.wikimedia.org/wikipedia/en/thumb/d/d0/Little_Rock_Trojans_logo.svg/320px-Little_Rock_Trojans_logo.svg.png,1
2023-12-30,H,Tennessee Tech,UT Martin,73,81,FALSE,FALSE,https://upload.wikimedia.org/wikipedia/en/thumb/2/2c/UT_Martin_Skyhawks_logo.svg/299px-UT_Martin_Skyhawks_logo.svg.png,2
2024-01-04,V,Tennessee Tech,Morehead St.,57,82,FALSE,FALSE,https://upload.wikimedia.org/wikipedia/en/thumb/1/12/Morehead_State_Eagles_logo.svg/243px-Morehead_State_Eagles_logo.svg.png,3
2024-01-06,V,Tennessee Tech,Southern Ind.,73,59,FALSE,FALSE,https://sports.cbsimg.net/fly/images/ncaa/logos/team/light/161012.svg,4
2024-01-13,H,Tennessee Tech,Southeast Mo. St.,70,59,FALSE,FALSE,https://upload.wikimedia.org/wikipedia/commons/3/38/SEMO_Red_Wordmark.png,5
2024-01-18,V,Tennessee Tech,Tennessee St.,53,85,FALSE,FALSE,https://upload.wikimedia.org/wikipedia/commons/thumb/c/c1/Tennessee_State_Tigers_wordmark.svg/200px-Tennessee_State_Tigers_wordmark.svg.png,6
2024-01-25,V,Tennessee Tech,Eastern Ill.,59,68,FALSE,FALSE,https://upload.wikimedia.org/wikipedia/en/thumb/8/86/Eastern_Illinois_Panthers_logo.svg/280px-Eastern_Illinois_Panthers_logo.svg.png,7
2024-01-27,V,Tennessee Tech,SIUE,57,74,FALSE,FALSE,https://upload.wikimedia.org/wikipedia/commons/thumb/5/51/SIUE_Cougars_logo.svg/400px-SIUE_Cougars_logo.svg.png,8
2024-02-01,H,Tennessee Tech,Southern Ind.,71,74,FALSE,FALSE,https://sports.cbsimg.net/fly/images/ncaa/logos/team/light/161012.svg,9
2024-02-03,H,Tennessee Tech,Morehead St.,60,67,FALSE,FALSE,https://upload.wikimedia.org/wikipedia/en/thumb/1/12/Morehead_State_Eagles_logo.svg/243px-Morehead_State_Eagles_logo.svg.png,10
2024-02-08,V,Tennessee Tech,Southeast Mo. St.,NA,NA,FALSE,FALSE,https://upload.wikimedia.org/wikipedia/commons/3/38/SEMO_Red_Wordmark.png,11
2024-02-10,V,Tennessee Tech,Lindenwood,NA,NA,FALSE,FALSE,https://upload.wikimedia.org/wikipedia/commons/thumb/8/8f/Lindenwood_Athletics_wordmark.svg/250px-Lindenwood_Athletics_wordmark.svg.png,12
2024-02-13,H,Tennessee Tech,Tennessee St.,NA,NA,FALSE,FALSE,https://upload.wikimedia.org/wikipedia/commons/thumb/c/c1/Tennessee_State_Tigers_wordmark.svg/200px-Tennessee_State_Tigers_wordmark.svg.png,13
2024-02-15,H,Tennessee Tech,Western Ill.,NA,NA,FALSE,FALSE,https://upload.wikimedia.org/wikipedia/en/thumb/1/16/Western_Illinois_Leathernecks_logo.svg/249px-Western_Illinois_Leathernecks_logo.svg.png,14
2024-02-22,H,Tennessee Tech,SIUE,NA,NA,FALSE,FALSE,https://upload.wikimedia.org/wikipedia/commons/thumb/5/51/SIUE_Cougars_logo.svg/400px-SIUE_Cougars_logo.svg.png,15
2024-02-24,H,Tennessee Tech,Eastern Ill.,NA,NA,FALSE,FALSE,https://upload.wikimedia.org/wikipedia/en/thumb/8/86/Eastern_Illinois_Panthers_logo.svg/280px-Eastern_Illinois_Panthers_logo.svg.png,16
2024-02-29,V,Tennessee Tech,UT Martin,NA,NA,FALSE,FALSE,https://upload.wikimedia.org/wikipedia/en/thumb/2/2c/UT_Martin_Skyhawks_logo.svg/299px-UT_Martin_Skyhawks_logo.svg.png,17
2024-03-02,V,Tennessee Tech,Little Rock,NA,NA,FALSE,FALSE,https://upload.wikimedia.org/wikipedia/en/thumb/d/d0/Little_Rock_Trojans_logo.svg/320px-Little_Rock_Trojans_logo.svg.png,18
2023-12-28,V,UT Martin,Tennessee St.,91,75,FALSE,FALSE,https://upload.wikimedia.org/wikipedia/commons/thumb/c/c1/Tennessee_State_Tigers_wordmark.svg/200px-Tennessee_State_Tigers_wordmark.svg.png,1
2023-12-30,V,UT Martin,Tennessee Tech,81,73,FALSE,FALSE,https://upload.wikimedia.org/wikipedia/en/thumb/f/f8/Tennessee_Tech_Golden_Eagles_logo.svg/315px-Tennessee_Tech_Golden_Eagles_logo.svg.png,2
2024-01-04,H,UT Martin,Eastern Ill.,72,79,FALSE,FALSE,https://upload.wikimedia.org/wikipedia/en/thumb/8/86/Eastern_Illinois_Panthers_logo.svg/280px-Eastern_Illinois_Panthers_logo.svg.png,3
2024-01-11,H,UT Martin,Western Ill.,64,73,FALSE,FALSE,https://upload.wikimedia.org/wikipedia/en/thumb/1/16/Western_Illinois_Leathernecks_logo.svg/249px-Western_Illinois_Leathernecks_logo.svg.png,4
2024-01-13,H,UT Martin,Little Rock,77,72,FALSE,FALSE,https://upload.wikimedia.org/wikipedia/en/thumb/d/d0/Little_Rock_Trojans_logo.svg/320px-Little_Rock_Trojans_logo.svg.png,5
2024-01-18,V,UT Martin,Morehead St.,66,84,FALSE,FALSE,https://upload.wikimedia.org/wikipedia/en/thumb/1/12/Morehead_State_Eagles_logo.svg/243px-Morehead_State_Eagles_logo.svg.png,6
2024-01-25,H,UT Martin,Southeast Mo. St.,84,58,FALSE,FALSE,https://upload.wikimedia.org/wikipedia/commons/3/38/SEMO_Red_Wordmark.png,7
2024-01-27,H,UT Martin,Lindenwood,76,67,FALSE,FALSE,https://upload.wikimedia.org/wikipedia/commons/thumb/8/8f/Lindenwood_Athletics_wordmark.svg/250px-Lindenwood_Athletics_wordmark.svg.png,8
2024-02-01,V,UT Martin,Eastern Ill.,76,59,FALSE,FALSE,https://upload.wikimedia.org/wikipedia/en/thumb/8/86/Eastern_Illinois_Panthers_logo.svg/280px-Eastern_Illinois_Panthers_logo.svg.png,9
2024-02-03,V,UT Martin,SIUE,90,79,FALSE,FALSE,https://upload.wikimedia.org/wikipedia/commons/thumb/5/51/SIUE_Cougars_logo.svg/400px-SIUE_Cougars_logo.svg.png,10
2024-02-06,V,UT Martin,Little Rock,NA,NA,FALSE,FALSE,https://upload.wikimedia.org/wikipedia/en/thumb/d/d0/Little_Rock_Trojans_logo.svg/320px-Little_Rock_Trojans_logo.svg.png,11
2024-02-10,V,UT Martin,Western Ill.,NA,NA,FALSE,FALSE,https://upload.wikimedia.org/wikipedia/en/thumb/1/16/Western_Illinois_Leathernecks_logo.svg/249px-Western_Illinois_Leathernecks_logo.svg.png,12
2024-02-15,H,UT Martin,Southern Ind.,NA,NA,FALSE,FALSE,https://sports.cbsimg.net/fly/images/ncaa/logos/team/light/161012.svg,13
2024-02-17,H,UT Martin,Morehead St.,NA,NA,FALSE,FALSE,https://upload.wikimedia.org/wikipedia/en/thumb/1/12/Morehead_State_Eagles_logo.svg/243px-Morehead_State_Eagles_logo.svg.png,14
2024-02-22,V,UT Martin,Lindenwood,NA,NA,FALSE,FALSE,https://upload.wikimedia.org/wikipedia/commons/thumb/8/8f/Lindenwood_Athletics_wordmark.svg/250px-Lindenwood_Athletics_wordmark.svg.png,15
2024-02-24,V,UT Martin,Southeast Mo. St.,NA,NA,FALSE,FALSE,https://upload.wikimedia.org/wikipedia/commons/3/38/SEMO_Red_Wordmark.png,16
2024-02-29,H,UT Martin,Tennessee Tech,NA,NA,FALSE,FALSE,https://upload.wikimedia.org/wikipedia/en/thumb/f/f8/Tennessee_Tech_Golden_Eagles_logo.svg/315px-Tennessee_Tech_Golden_Eagles_logo.svg.png,17
2024-03-02,H,UT Martin,Tennessee St.,NA,NA,FALSE,FALSE,https://upload.wikimedia.org/wikipedia/commons/thumb/c/c1/Tennessee_State_Tigers_wordmark.svg/200px-Tennessee_State_Tigers_wordmark.svg.png,18
2023-12-31,V,Western Ill.,SIUE,78,70,FALSE,FALSE,https://upload.wikimedia.org/wikipedia/commons/thumb/5/51/SIUE_Cougars_logo.svg/400px-SIUE_Cougars_logo.svg.png,1
2024-01-04,H,Western Ill.,Southeast Mo. St.,68,61,FALSE,FALSE,https://upload.wikimedia.org/wikipedia/commons/3/38/SEMO_Red_Wordmark.png,2
2024-01-06,H,Western Ill.,Lindenwood,68,57,FALSE,FALSE,https://upload.wikimedia.org/wikipedia/commons/thumb/8/8f/Lindenwood_Athletics_wordmark.svg/250px-Lindenwood_Athletics_wordmark.svg.png,3
2024-01-11,V,Western Ill.,UT Martin,73,64,FALSE,FALSE,https://upload.wikimedia.org/wikipedia/en/thumb/2/2c/UT_Martin_Skyhawks_logo.svg/299px-UT_Martin_Skyhawks_logo.svg.png,4
2024-01-13,V,Western Ill.,Eastern Ill.,63,60,FALSE,FALSE,https://upload.wikimedia.org/wikipedia/en/thumb/8/86/Eastern_Illinois_Panthers_logo.svg/280px-Eastern_Illinois_Panthers_logo.svg.png,5
2024-01-20,H,Western Ill.,Tennessee St.,57,58,FALSE,FALSE,https://upload.wikimedia.org/wikipedia/commons/thumb/c/c1/Tennessee_State_Tigers_wordmark.svg/200px-Tennessee_State_Tigers_wordmark.svg.png,6
2024-01-25,V,Western Ill.,Southern Ind.,73,68,FALSE,FALSE,https://sports.cbsimg.net/fly/images/ncaa/logos/team/light/161012.svg,7
2024-01-27,V,Western Ill.,Morehead St.,50,64,FALSE,FALSE,https://upload.wikimedia.org/wikipedia/en/thumb/1/12/Morehead_State_Eagles_logo.svg/243px-Morehead_State_Eagles_logo.svg.png,8
2024-02-01,V,Western Ill.,Lindenwood,79,71,FALSE,FALSE,https://upload.wikimedia.org/wikipedia/commons/thumb/8/8f/Lindenwood_Athletics_wordmark.svg/250px-Lindenwood_Athletics_wordmark.svg.png,9
2024-02-03,V,Western Ill.,Southeast Mo. St.,76,55,FALSE,FALSE,https://upload.wikimedia.org/wikipedia/commons/3/38/SEMO_Red_Wordmark.png,10
2024-02-08,H,Western Ill.,Little Rock,NA,NA,FALSE,FALSE,https://upload.wikimedia.org/wikipedia/en/thumb/d/d0/Little_Rock_Trojans_logo.svg/320px-Little_Rock_Trojans_logo.svg.png,11
2024-02-10,H,Western Ill.,UT Martin,NA,NA,FALSE,FALSE,https://upload.wikimedia.org/wikipedia/en/thumb/2/2c/UT_Martin_Skyhawks_logo.svg/299px-UT_Martin_Skyhawks_logo.svg.png,12
2024-02-15,V,Western Ill.,Tennessee Tech,NA,NA,FALSE,FALSE,https://upload.wikimedia.org/wikipedia/en/thumb/f/f8/Tennessee_Tech_Golden_Eagles_logo.svg/315px-Tennessee_Tech_Golden_Eagles_logo.svg.png,13
2024-02-17,V,Western Ill.,Tennessee St.,NA,NA,FALSE,FALSE,https://upload.wikimedia.org/wikipedia/commons/thumb/c/c1/Tennessee_State_Tigers_wordmark.svg/200px-Tennessee_State_Tigers_wordmark.svg.png,14
2024-02-22,H,Western Ill.,Morehead St.,NA,NA,FALSE,FALSE,https://upload.wikimedia.org/wikipedia/en/thumb/1/12/Morehead_State_Eagles_logo.svg/243px-Morehead_State_Eagles_logo.svg.png,15
2024-02-24,H,Western Ill.,Southern Ind.,NA,NA,FALSE,FALSE,https://sports.cbsimg.net/fly/images/ncaa/logos/team/light/161012.svg,16
2024-02-29,H,Western Ill.,Eastern Ill.,NA,NA,FALSE,FALSE,https://upload.wikimedia.org/wikipedia/en/thumb/8/86/Eastern_Illinois_Panthers_logo.svg/280px-Eastern_Illinois_Panthers_logo.svg.png,17
2024-03-02,H,Western Ill.,SIUE,NA,NA,FALSE,FALSE,https://upload.wikimedia.org/wikipedia/commons/thumb/5/51/SIUE_Cougars_logo.svg/400px-SIUE_Cougars_logo.svg.png,18
